Iso3,StartDate,EndDate,Area Code,Area,Item Code,Item,Element Code,Element,Year Code,Year,Unit,Value,Flag
#country+code,#date+start,#date+end,,#country+name,#indicator+code,#indicator+name,,,,#date+year,#indicator+type,#indicator+value+num,
IDN,1970-01-01,1970-12-31,101,Indonesia,22024,GDP Deflator,6180,"Value Local Currency, 2015 prices",1970,1970,LCU,0.429000,Fc
IDN,1971-01-01,1971-12-31,101,Indonesia,22024,GDP Deflator,6180,"Value Local Currency, 2015 prices",1971,1971,LCU,0.454700,Fc
IDN,1972-01-01,1972-12-31,101,Indonesia,22024,GDP Deflator,6180,"Value Local Currency, 2015 prices",1972,1972,LCU,0.516500,Fc
IDN,1973-01-01,1973-12-31,101,Indonesia,22024,GDP Deflator,6180,"Value Local Currency, 2015 prices",1973,1973,LCU,0.686600,Fc
IDN,1974-01-01,1974-12-31,101,Indonesia,22024,GDP Deflator,6180,"Value Local Currency, 2015 prices",1974,1974,LCU,1.011400,Fc
IDN,1975-01-01,1975-12-31,101,Indonesia,22024,GDP Deflator,6180,"Value Local Currency, 2015 prices",1975,1975,LCU,1.137500,Fc
IDN,1976-01-01,1976-12-31,101,Indonesia,22024,GDP Deflator,6180,"Value Local Currency, 2015 prices",1976,1976,LCU,1.302000,Fc
IDN,1977-01-01,1977-12-31,101,Indonesia,22024,GDP Deflator,6180,"Value Local Currency, 2015 prices",1977,1977,LCU,1.471400,Fc
IDN,1978-01-01,1978-12-31,101,Indonesia,22024,GDP Deflator,6180,"Value Local Currency, 2015 prices",1978,1978,LCU,1.632400,Fc
IDN,1979-01-01,1979-12-31,101,Indonesia,22024,GDP Deflator,6180,"Value Local Currency, 2015 prices",1979,1979,LCU,2.163100,Fc
IDN,1980-01-01,1980-12-31,101,Indonesia,22024,GDP Deflator,6180,"Value Local Currency, 2015 prices",1980,1980,LCU,2.793700,Fc
IDN,1981-01-01,1981-12-31,101,Indonesia,22024,GDP Deflator,6180,"Value Local Currency, 2015 prices",1981,1981,LCU,3.310600,Fc
IDN,1982-01-01,1982-12-31,101,Indonesia,22024,GDP Deflator,6180,"Value Local Currency, 2015 prices",1982,1982,LCU,3.480400,Fc
IDN,1983-01-01,1983-12-31,101,Indonesia,22024,GDP Deflator,6180,"Value Local Currency, 2015 prices",1983,1983,LCU,3.975300,Fc
IDN,1984-01-01,1984-12-31,101,Indonesia,22024,GDP Deflator,6180,"Value Local Currency, 2015 prices",1984,1984,LCU,4.303200,Fc
IDN,1985-01-01,1985-12-31,101,Indonesia,22024,GDP Deflator,6180,"Value Local Currency, 2015 prices",1985,1985,LCU,4.532000,Fc
IDN,1986-01-01,1986-12-31,101,Indonesia,22024,GDP Deflator,6180,"Value Local Currency, 2015 prices",1986,1986,LCU,4.531500,Fc
IDN,1987-01-01,1987-12-31,101,Indonesia,22024,GDP Deflator,6180,"Value Local Currency, 2015 prices",1987,1987,LCU,5.249700,Fc
IDN,1988-01-01,1988-12-31,101,Indonesia,22024,GDP Deflator,6180,"Value Local Currency, 2015 prices",1988,1988,LCU,5.951000,Fc
IDN,1989-01-01,1989-12-31,101,Indonesia,22024,GDP Deflator,6180,"Value Local Currency, 2015 prices",1989,1989,LCU,6.545700,Fc
IDN,1990-01-01,1990-12-31,101,Indonesia,22024,GDP Deflator,6180,"Value Local Currency, 2015 prices",1990,1990,LCU,7.051200,Fc
IDN,1991-01-01,1991-12-31,101,Indonesia,22024,GDP Deflator,6180,"Value Local Currency, 2015 prices",1991,1991,LCU,7.673700,Fc
IDN,1992-01-01,1992-12-31,101,Indonesia,22024,GDP Deflator,6180,"Value Local Currency, 2015 prices",1992,1992,LCU,8.085300,Fc
IDN,1993-01-01,1993-12-31,101,Indonesia,22024,GDP Deflator,6180,"Value Local Currency, 2015 prices",1993,1993,LCU,8.803300,Fc
IDN,1994-01-01,1994-12-31,101,Indonesia,22024,GDP Deflator,6180,"Value Local Currency, 2015 prices",1994,1994,LCU,9.488000,Fc
IDN,1995-01-01,1995-12-31,101,Indonesia,22024,GDP Deflator,6180,"Value Local Currency, 2015 prices",1995,1995,LCU,10.425500,Fc
IDN,1996-01-01,1996-12-31,101,Indonesia,22024,GDP Deflator,6180,"Value Local Currency, 2015 prices",1996,1996,LCU,11.330100,Fc
IDN,1997-01-01,1997-12-31,101,Indonesia,22024,GDP Deflator,6180,"Value Local Currency, 2015 prices",1997,1997,LCU,12.754500,Fc
IDN,1998-01-01,1998-12-31,101,Indonesia,22024,GDP Deflator,6180,"Value Local Currency, 2015 prices",1998,1998,LCU,22.354900,Fc
IDN,1999-01-01,1999-12-31,101,Indonesia,22024,GDP Deflator,6180,"Value Local Currency, 2015 prices",1999,1999,LCU,25.520600,Fc
IDN,2000-01-01,2000-12-31,101,Indonesia,22024,GDP Deflator,6180,"Value Local Currency, 2015 prices",2000,2000,LCU,27.977500,Fc
IDN,2001-01-01,2001-12-31,101,Indonesia,22024,GDP Deflator,6180,"Value Local Currency, 2015 prices",2001,2001,LCU,31.977100,Fc
IDN,2002-01-01,2002-12-31,101,Indonesia,22024,GDP Deflator,6180,"Value Local Currency, 2015 prices",2002,2002,LCU,33.862500,Fc
IDN,2003-01-01,2003-12-31,101,Indonesia,22024,GDP Deflator,6180,"Value Local Currency, 2015 prices",2003,2003,LCU,35.720600,Fc
IDN,2004-01-01,2004-12-31,101,Indonesia,22024,GDP Deflator,6180,"Value Local Currency, 2015 prices",2004,2004,LCU,38.775000,Fc
IDN,2005-01-01,2005-12-31,101,Indonesia,22024,GDP Deflator,6180,"Value Local Currency, 2015 prices",2005,2005,LCU,44.332200,Fc
IDN,2006-01-01,2006-12-31,101,Indonesia,22024,GDP Deflator,6180,"Value Local Currency, 2015 prices",2006,2006,LCU,50.577400,Fc
IDN,2007-01-01,2007-12-31,101,Indonesia,22024,GDP Deflator,6180,"Value Local Currency, 2015 prices",2007,2007,LCU,56.271700,Fc
IDN,2008-01-01,2008-12-31,101,Indonesia,22024,GDP Deflator,6180,"Value Local Currency, 2015 prices",2008,2008,LCU,66.484900,Fc
IDN,2009-01-01,2009-12-31,101,Indonesia,22024,GDP Deflator,6180,"Value Local Currency, 2015 prices",2009,2009,LCU,71.986300,Fc
IDN,2010-01-01,2010-12-31,101,Indonesia,22024,GDP Deflator,6180,"Value Local Currency, 2015 prices",2010,2010,LCU,77.930400,Fc
IDN,2011-01-01,2011-12-31,101,Indonesia,22024,GDP Deflator,6180,"Value Local Currency, 2015 prices",2011,2011,LCU,83.748600,Fc
IDN,2012-01-01,2012-12-31,101,Indonesia,22024,GDP Deflator,6180,"Value Local Currency, 2015 prices",2012,2012,LCU,86.892500,Fc
IDN,2013-01-01,2013-12-31,101,Indonesia,22024,GDP Deflator,6180,"Value Local Currency, 2015 prices",2013,2013,LCU,91.207500,Fc
IDN,2014-01-01,2014-12-31,101,Indonesia,22024,GDP Deflator,6180,"Value Local Currency, 2015 prices",2014,2014,LCU,96.172100,Fc
IDN,2015-01-01,2015-12-31,101,Indonesia,22024,GDP Deflator,6180,"Value Local Currency, 2015 prices",2015,2015,LCU,100.000000,Fc
IDN,2016-01-01,2016-12-31,101,Indonesia,22024,GDP Deflator,6180,"Value Local Currency, 2015 prices",2016,2016,LCU,102.439000,Fc
IDN,2017-01-01,2017-12-31,101,Indonesia,22024,GDP Deflator,6180,"Value Local Currency, 2015 prices",2017,2017,LCU,106.836000,Fc
IDN,2018-01-01,2018-12-31,101,Indonesia,22024,GDP Deflator,6180,"Value Local Currency, 2015 prices",2018,2018,LCU,110.917000,Fc
IDN,2019-01-01,2019-12-31,101,Indonesia,22024,GDP Deflator,6180,"Value Local Currency, 2015 prices",2019,2019,LCU,112.697000,Fc
IDN,1970-01-01,1970-12-31,101,Indonesia,22024,GDP Deflator,6179,"Value US$, 2015 prices",1970,1970,US$,15.831900,Fc
IDN,1971-01-01,1971-12-31,101,Indonesia,22024,GDP Deflator,6179,"Value US$, 2015 prices",1971,1971,US$,15.535100,Fc
IDN,1972-01-01,1972-12-31,101,Indonesia,22024,GDP Deflator,6179,"Value US$, 2015 prices",1972,1972,US$,16.664200,Fc
IDN,1973-01-01,1973-12-31,101,Indonesia,22024,GDP Deflator,6179,"Value US$, 2015 prices",1973,1973,US$,22.152000,Fc
IDN,1974-01-01,1974-12-31,101,Indonesia,22024,GDP Deflator,6179,"Value US$, 2015 prices",1974,1974,US$,32.632200,Fc
IDN,1975-01-01,1975-12-31,101,Indonesia,22024,GDP Deflator,6179,"Value US$, 2015 prices",1975,1975,US$,36.701300,Fc
IDN,1976-01-01,1976-12-31,101,Indonesia,22024,GDP Deflator,6179,"Value US$, 2015 prices",1976,1976,US$,42.008900,Fc
IDN,1977-01-01,1977-12-31,101,Indonesia,22024,GDP Deflator,6179,"Value US$, 2015 prices",1977,1977,US$,47.472800,Fc
IDN,1978-01-01,1978-12-31,101,Indonesia,22024,GDP Deflator,6179,"Value US$, 2015 prices",1978,1978,US$,49.445100,Fc
IDN,1979-01-01,1979-12-31,101,Indonesia,22024,GDP Deflator,6179,"Value US$, 2015 prices",1979,1979,US$,46.485300,Fc
IDN,1980-01-01,1980-12-31,101,Indonesia,22024,GDP Deflator,6179,"Value US$, 2015 prices",1980,1980,US$,59.659400,Fc
IDN,1981-01-01,1981-12-31,101,Indonesia,22024,GDP Deflator,6179,"Value US$, 2015 prices",1981,1981,US$,70.165200,Fc
IDN,1982-01-01,1982-12-31,101,Indonesia,22024,GDP Deflator,6179,"Value US$, 2015 prices",1982,1982,US$,70.454600,Fc
IDN,1983-01-01,1983-12-31,101,Indonesia,22024,GDP Deflator,6179,"Value US$, 2015 prices",1983,1983,US$,58.538900,Fc
IDN,1984-01-01,1984-12-31,101,Indonesia,22024,GDP Deflator,6179,"Value US$, 2015 prices",1984,1984,US$,56.159900,Fc
IDN,1985-01-01,1985-12-31,101,Indonesia,22024,GDP Deflator,6179,"Value US$, 2015 prices",1985,1985,US$,54.639400,Fc
IDN,1986-01-01,1986-12-31,101,Indonesia,22024,GDP Deflator,6179,"Value US$, 2015 prices",1986,1986,US$,47.306700,Fc
IDN,1987-01-01,1987-12-31,101,Indonesia,22024,GDP Deflator,6179,"Value US$, 2015 prices",1987,1987,US$,42.759500,Fc
IDN,1988-01-01,1988-12-31,101,Indonesia,22024,GDP Deflator,6179,"Value US$, 2015 prices",1988,1988,US$,47.268100,Fc
IDN,1989-01-01,1989-12-31,101,Indonesia,22024,GDP Deflator,6179,"Value US$, 2015 prices",1989,1989,US$,49.514100,Fc
IDN,1990-01-01,1990-12-31,101,Indonesia,22024,GDP Deflator,6179,"Value US$, 2015 prices",1990,1990,US$,51.232300,Fc
IDN,1991-01-01,1991-12-31,101,Indonesia,22024,GDP Deflator,6179,"Value US$, 2015 prices",1991,1991,US$,52.682000,Fc
IDN,1992-01-01,1992-12-31,101,Indonesia,22024,GDP Deflator,6179,"Value US$, 2015 prices",1992,1992,US$,53.330800,Fc
IDN,1993-01-01,1993-12-31,101,Indonesia,22024,GDP Deflator,6179,"Value US$, 2015 prices",1993,1993,US$,56.476100,Fc
IDN,1994-01-01,1994-12-31,101,Indonesia,22024,GDP Deflator,6179,"Value US$, 2015 prices",1994,1994,US$,58.793500,Fc
IDN,1995-01-01,1995-12-31,101,Indonesia,22024,GDP Deflator,6179,"Value US$, 2015 prices",1995,1995,US$,62.078900,Fc
IDN,1996-01-01,1996-12-31,101,Indonesia,22024,GDP Deflator,6179,"Value US$, 2015 prices",1996,1996,US$,64.766900,Fc
IDN,1997-01-01,1997-12-31,101,Indonesia,22024,GDP Deflator,6179,"Value US$, 2015 prices",1997,1997,US$,58.698000,Fc
IDN,1998-01-01,1998-12-31,101,Indonesia,22024,GDP Deflator,6179,"Value US$, 2015 prices",1998,1998,US$,29.891200,Fc
IDN,1999-01-01,1999-12-31,101,Indonesia,22024,GDP Deflator,6179,"Value US$, 2015 prices",1999,1999,US$,43.500900,Fc
IDN,2000-01-01,2000-12-31,101,Indonesia,22024,GDP Deflator,6179,"Value US$, 2015 prices",2000,2000,US$,44.480200,Fc
IDN,2001-01-01,2001-12-31,101,Indonesia,22024,GDP Deflator,6179,"Value US$, 2015 prices",2001,2001,US$,41.727000,Fc
IDN,2002-01-01,2002-12-31,101,Indonesia,22024,GDP Deflator,6179,"Value US$, 2015 prices",2002,2002,US$,48.693900,Fc
IDN,2003-01-01,2003-12-31,101,Indonesia,22024,GDP Deflator,6179,"Value US$, 2015 prices",2003,2003,US$,55.762000,Fc
IDN,2004-01-01,2004-12-31,101,Indonesia,22024,GDP Deflator,6179,"Value US$, 2015 prices",2004,2004,US$,58.080700,Fc
IDN,2005-01-01,2005-12-31,101,Indonesia,22024,GDP Deflator,6179,"Value US$, 2015 prices",2005,2005,US$,61.164100,Fc
IDN,2006-01-01,2006-12-31,101,Indonesia,22024,GDP Deflator,6179,"Value US$, 2015 prices",2006,2006,US$,73.935800,Fc
IDN,2007-01-01,2007-12-31,101,Indonesia,22024,GDP Deflator,6179,"Value US$, 2015 prices",2007,2007,US$,82.424800,Fc
IDN,2008-01-01,2008-12-31,101,Indonesia,22024,GDP Deflator,6179,"Value US$, 2015 prices",2008,2008,US$,91.782300,Fc
IDN,2009-01-01,2009-12-31,101,Indonesia,22024,GDP Deflator,6179,"Value US$, 2015 prices",2009,2009,US$,92.768100,Fc
IDN,2010-01-01,2010-12-31,101,Indonesia,22024,GDP Deflator,6179,"Value US$, 2015 prices",2010,2010,US$,114.785000,Fc
IDN,2011-01-01,2011-12-31,101,Indonesia,22024,GDP Deflator,6179,"Value US$, 2015 prices",2011,2011,US$,127.855000,Fc
IDN,2012-01-01,2012-12-31,101,Indonesia,22024,GDP Deflator,6179,"Value US$, 2015 prices",2012,2012,US$,123.946000,Fc
IDN,2013-01-01,2013-12-31,101,Indonesia,22024,GDP Deflator,6179,"Value US$, 2015 prices",2013,2013,US$,116.737000,Fc
IDN,2014-01-01,2014-12-31,101,Indonesia,22024,GDP Deflator,6179,"Value US$, 2015 prices",2014,2014,US$,108.526000,Fc
IDN,2015-01-01,2015-12-31,101,Indonesia,22024,GDP Deflator,6179,"Value US$, 2015 prices",2015,2015,US$,100.000000,Fc
IDN,2016-01-01,2016-12-31,101,Indonesia,22024,GDP Deflator,6179,"Value US$, 2015 prices",2016,2016,US$,103.063000,Fc
IDN,2017-01-01,2017-12-31,101,Indonesia,22024,GDP Deflator,6179,"Value US$, 2015 prices",2017,2017,US$,106.905000,Fc
IDN,2018-01-01,2018-12-31,101,Indonesia,22024,GDP Deflator,6179,"Value US$, 2015 prices",2018,2018,US$,104.314000,Fc
IDN,2019-01-01,2019-12-31,101,Indonesia,22024,GDP Deflator,6179,"Value US$, 2015 prices",2019,2019,US$,106.657000,Fc
IDN,1970-01-01,1970-12-31,101,Indonesia,22025,Gross Fixed Capital Formation Deflator,6180,"Value Local Currency, 2015 prices",1970,1970,LCU,0.399200,Fc
IDN,1971-01-01,1971-12-31,101,Indonesia,22025,Gross Fixed Capital Formation Deflator,6180,"Value Local Currency, 2015 prices",1971,1971,LCU,0.419600,Fc
IDN,1972-01-01,1972-12-31,101,Indonesia,22025,Gross Fixed Capital Formation Deflator,6180,"Value Local Currency, 2015 prices",1972,1972,LCU,0.520900,Fc
IDN,1973-01-01,1973-12-31,101,Indonesia,22025,Gross Fixed Capital Formation Deflator,6180,"Value Local Currency, 2015 prices",1973,1973,LCU,0.627200,Fc
IDN,1974-01-01,1974-12-31,101,Indonesia,22025,Gross Fixed Capital Formation Deflator,6180,"Value Local Currency, 2015 prices",1974,1974,LCU,0.782700,Fc
IDN,1975-01-01,1975-12-31,101,Indonesia,22025,Gross Fixed Capital Formation Deflator,6180,"Value Local Currency, 2015 prices",1975,1975,LCU,0.977700,Fc
IDN,1976-01-01,1976-12-31,101,Indonesia,22025,Gross Fixed Capital Formation Deflator,6180,"Value Local Currency, 2015 prices",1976,1976,LCU,1.149400,Fc
IDN,1977-01-01,1977-12-31,101,Indonesia,22025,Gross Fixed Capital Formation Deflator,6180,"Value Local Currency, 2015 prices",1977,1977,LCU,1.183300,Fc
IDN,1978-01-01,1978-12-31,101,Indonesia,22025,Gross Fixed Capital Formation Deflator,6180,"Value Local Currency, 2015 prices",1978,1978,LCU,1.255800,Fc
IDN,1979-01-01,1979-12-31,101,Indonesia,22025,Gross Fixed Capital Formation Deflator,6180,"Value Local Currency, 2015 prices",1979,1979,LCU,1.726200,Fc
IDN,1980-01-01,1980-12-31,101,Indonesia,22025,Gross Fixed Capital Formation Deflator,6180,"Value Local Currency, 2015 prices",1980,1980,LCU,2.054300,Fc
IDN,1981-01-01,1981-12-31,101,Indonesia,22025,Gross Fixed Capital Formation Deflator,6180,"Value Local Currency, 2015 prices",1981,1981,LCU,2.754300,Fc
IDN,1982-01-01,1982-12-31,101,Indonesia,22025,Gross Fixed Capital Formation Deflator,6180,"Value Local Currency, 2015 prices",1982,1982,LCU,2.728700,Fc
IDN,1983-01-01,1983-12-31,101,Indonesia,22025,Gross Fixed Capital Formation Deflator,6180,"Value Local Currency, 2015 prices",1983,1983,LCU,3.231900,Fc
IDN,1984-01-01,1984-12-31,101,Indonesia,22025,Gross Fixed Capital Formation Deflator,6180,"Value Local Currency, 2015 prices",1984,1984,LCU,3.556800,Fc
IDN,1985-01-01,1985-12-31,101,Indonesia,22025,Gross Fixed Capital Formation Deflator,6180,"Value Local Currency, 2015 prices",1985,1985,LCU,3.685200,Fc
IDN,1986-01-01,1986-12-31,101,Indonesia,22025,Gross Fixed Capital Formation Deflator,6180,"Value Local Currency, 2015 prices",1986,1986,LCU,3.738800,Fc
IDN,1987-01-01,1987-12-31,101,Indonesia,22025,Gross Fixed Capital Formation Deflator,6180,"Value Local Currency, 2015 prices",1987,1987,LCU,4.430900,Fc
IDN,1988-01-01,1988-12-31,101,Indonesia,22025,Gross Fixed Capital Formation Deflator,6180,"Value Local Currency, 2015 prices",1988,1988,LCU,4.919000,Fc
IDN,1989-01-01,1989-12-31,101,Indonesia,22025,Gross Fixed Capital Formation Deflator,6180,"Value Local Currency, 2015 prices",1989,1989,LCU,5.323900,Fc
IDN,1990-01-01,1990-12-31,101,Indonesia,22025,Gross Fixed Capital Formation Deflator,6180,"Value Local Currency, 2015 prices",1990,1990,LCU,5.745200,Fc
IDN,1991-01-01,1991-12-31,101,Indonesia,22025,Gross Fixed Capital Formation Deflator,6180,"Value Local Currency, 2015 prices",1991,1991,LCU,5.747000,Fc
IDN,1992-01-01,1992-12-31,101,Indonesia,22025,Gross Fixed Capital Formation Deflator,6180,"Value Local Currency, 2015 prices",1992,1992,LCU,5.982700,Fc
IDN,1993-01-01,1993-12-31,101,Indonesia,22025,Gross Fixed Capital Formation Deflator,6180,"Value Local Currency, 2015 prices",1993,1993,LCU,6.683700,Fc
IDN,1994-01-01,1994-12-31,101,Indonesia,22025,Gross Fixed Capital Formation Deflator,6180,"Value Local Currency, 2015 prices",1994,1994,LCU,7.144100,Fc
IDN,1995-01-01,1995-12-31,101,Indonesia,22025,Gross Fixed Capital Formation Deflator,6180,"Value Local Currency, 2015 prices",1995,1995,LCU,7.684700,Fc
IDN,1996-01-01,1996-12-31,101,Indonesia,22025,Gross Fixed Capital Formation Deflator,6180,"Value Local Currency, 2015 prices",1996,1996,LCU,8.187300,Fc
IDN,1997-01-01,1997-12-31,101,Indonesia,22025,Gross Fixed Capital Formation Deflator,6180,"Value Local Currency, 2015 prices",1997,1997,LCU,8.499500,Fc
IDN,1998-01-01,1998-12-31,101,Indonesia,22025,Gross Fixed Capital Formation Deflator,6180,"Value Local Currency, 2015 prices",1998,1998,LCU,17.353900,Fc
IDN,1999-01-01,1999-12-31,101,Indonesia,22025,Gross Fixed Capital Formation Deflator,6180,"Value Local Currency, 2015 prices",1999,1999,LCU,19.296300,Fc
IDN,2000-01-01,2000-12-31,101,Indonesia,22025,Gross Fixed Capital Formation Deflator,6180,"Value Local Currency, 2015 prices",2000,2000,LCU,20.627700,Fc
IDN,2001-01-01,2001-12-31,101,Indonesia,22025,Gross Fixed Capital Formation Deflator,6180,"Value Local Currency, 2015 prices",2001,2001,LCU,22.739900,Fc
IDN,2002-01-01,2002-12-31,101,Indonesia,22025,Gross Fixed Capital Formation Deflator,6180,"Value Local Currency, 2015 prices",2002,2002,LCU,23.738300,Fc
IDN,2003-01-01,2003-12-31,101,Indonesia,22025,Gross Fixed Capital Formation Deflator,6180,"Value Local Currency, 2015 prices",2003,2003,LCU,26.184600,Fc
IDN,2004-01-01,2004-12-31,101,Indonesia,22025,Gross Fixed Capital Formation Deflator,6180,"Value Local Currency, 2015 prices",2004,2004,LCU,29.958200,Fc
IDN,2005-01-01,2005-12-31,101,Indonesia,22025,Gross Fixed Capital Formation Deflator,6180,"Value Local Currency, 2015 prices",2005,2005,LCU,34.380600,Fc
IDN,2006-01-01,2006-12-31,101,Indonesia,22025,Gross Fixed Capital Formation Deflator,6180,"Value Local Currency, 2015 prices",2006,2006,LCU,41.171100,Fc
IDN,2007-01-01,2007-12-31,101,Indonesia,22025,Gross Fixed Capital Formation Deflator,6180,"Value Local Currency, 2015 prices",2007,2007,LCU,46.064900,Fc
IDN,2008-01-01,2008-12-31,101,Indonesia,22025,Gross Fixed Capital Formation Deflator,6180,"Value Local Currency, 2015 prices",2008,2008,LCU,57.257000,Fc
IDN,2009-01-01,2009-12-31,101,Indonesia,22025,Gross Fixed Capital Formation Deflator,6180,"Value Local Currency, 2015 prices",2009,2009,LCU,70.541300,Fc
IDN,2010-01-01,2010-12-31,101,Indonesia,22025,Gross Fixed Capital Formation Deflator,6180,"Value Local Currency, 2015 prices",2010,2010,LCU,76.979000,Fc
IDN,2011-01-01,2011-12-31,101,Indonesia,22025,Gross Fixed Capital Formation Deflator,6180,"Value Local Currency, 2015 prices",2011,2011,LCU,81.483900,Fc
IDN,2012-01-01,2012-12-31,101,Indonesia,22025,Gross Fixed Capital Formation Deflator,6180,"Value Local Currency, 2015 prices",2012,2012,LCU,85.850200,Fc
IDN,2013-01-01,2013-12-31,101,Indonesia,22025,Gross Fixed Capital Formation Deflator,6180,"Value Local Currency, 2015 prices",2013,2013,LCU,88.495900,Fc
IDN,2014-01-01,2014-12-31,101,Indonesia,22025,Gross Fixed Capital Formation Deflator,6180,"Value Local Currency, 2015 prices",2014,2014,LCU,95.427900,Fc
IDN,2015-01-01,2015-12-31,101,Indonesia,22025,Gross Fixed Capital Formation Deflator,6180,"Value Local Currency, 2015 prices",2015,2015,LCU,100.000000,Fc
IDN,2016-01-01,2016-12-31,101,Indonesia,22025,Gross Fixed Capital Formation Deflator,6180,"Value Local Currency, 2015 prices",2016,2016,LCU,102.253000,Fc
IDN,2017-01-01,2017-12-31,101,Indonesia,22025,Gross Fixed Capital Formation Deflator,6180,"Value Local Currency, 2015 prices",2017,2017,LCU,104.202000,Fc
IDN,2018-01-01,2018-12-31,101,Indonesia,22025,Gross Fixed Capital Formation Deflator,6180,"Value Local Currency, 2015 prices",2018,2018,LCU,107.074000,Fc
IDN,2019-01-01,2019-12-31,101,Indonesia,22025,Gross Fixed Capital Formation Deflator,6180,"Value Local Currency, 2015 prices",2019,2019,LCU,109.581000,Fc
IDN,1970-01-01,1970-12-31,101,Indonesia,22025,Gross Fixed Capital Formation Deflator,6179,"Value US$, 2015 prices",1970,1970,US$,14.729700,Fc
IDN,1971-01-01,1971-12-31,101,Indonesia,22025,Gross Fixed Capital Formation Deflator,6179,"Value US$, 2015 prices",1971,1971,US$,14.337000,Fc
IDN,1972-01-01,1972-12-31,101,Indonesia,22025,Gross Fixed Capital Formation Deflator,6179,"Value US$, 2015 prices",1972,1972,US$,16.805400,Fc
IDN,1973-01-01,1973-12-31,101,Indonesia,22025,Gross Fixed Capital Formation Deflator,6179,"Value US$, 2015 prices",1973,1973,US$,20.237100,Fc
IDN,1974-01-01,1974-12-31,101,Indonesia,22025,Gross Fixed Capital Formation Deflator,6179,"Value US$, 2015 prices",1974,1974,US$,25.254200,Fc
IDN,1975-01-01,1975-12-31,101,Indonesia,22025,Gross Fixed Capital Formation Deflator,6179,"Value US$, 2015 prices",1975,1975,US$,31.545300,Fc
IDN,1976-01-01,1976-12-31,101,Indonesia,22025,Gross Fixed Capital Formation Deflator,6179,"Value US$, 2015 prices",1976,1976,US$,37.084000,Fc
IDN,1977-01-01,1977-12-31,101,Indonesia,22025,Gross Fixed Capital Formation Deflator,6179,"Value US$, 2015 prices",1977,1977,US$,38.179000,Fc
IDN,1978-01-01,1978-12-31,101,Indonesia,22025,Gross Fixed Capital Formation Deflator,6179,"Value US$, 2015 prices",1978,1978,US$,38.038600,Fc
IDN,1979-01-01,1979-12-31,101,Indonesia,22025,Gross Fixed Capital Formation Deflator,6179,"Value US$, 2015 prices",1979,1979,US$,37.095900,Fc
IDN,1980-01-01,1980-12-31,101,Indonesia,22025,Gross Fixed Capital Formation Deflator,6179,"Value US$, 2015 prices",1980,1980,US$,43.870400,Fc
IDN,1981-01-01,1981-12-31,101,Indonesia,22025,Gross Fixed Capital Formation Deflator,6179,"Value US$, 2015 prices",1981,1981,US$,58.374200,Fc
IDN,1982-01-01,1982-12-31,101,Indonesia,22025,Gross Fixed Capital Formation Deflator,6179,"Value US$, 2015 prices",1982,1982,US$,55.237800,Fc
IDN,1983-01-01,1983-12-31,101,Indonesia,22025,Gross Fixed Capital Formation Deflator,6179,"Value US$, 2015 prices",1983,1983,US$,47.591800,Fc
IDN,1984-01-01,1984-12-31,101,Indonesia,22025,Gross Fixed Capital Formation Deflator,6179,"Value US$, 2015 prices",1984,1984,US$,46.418500,Fc
IDN,1985-01-01,1985-12-31,101,Indonesia,22025,Gross Fixed Capital Formation Deflator,6179,"Value US$, 2015 prices",1985,1985,US$,44.429300,Fc
IDN,1986-01-01,1986-12-31,101,Indonesia,22025,Gross Fixed Capital Formation Deflator,6179,"Value US$, 2015 prices",1986,1986,US$,39.032000,Fc
IDN,1987-01-01,1987-12-31,101,Indonesia,22025,Gross Fixed Capital Formation Deflator,6179,"Value US$, 2015 prices",1987,1987,US$,36.090400,Fc
IDN,1988-01-01,1988-12-31,101,Indonesia,22025,Gross Fixed Capital Formation Deflator,6179,"Value US$, 2015 prices",1988,1988,US$,39.071200,Fc
IDN,1989-01-01,1989-12-31,101,Indonesia,22025,Gross Fixed Capital Formation Deflator,6179,"Value US$, 2015 prices",1989,1989,US$,40.271600,Fc
IDN,1990-01-01,1990-12-31,101,Indonesia,22025,Gross Fixed Capital Formation Deflator,6179,"Value US$, 2015 prices",1990,1990,US$,41.743300,Fc
IDN,1991-01-01,1991-12-31,101,Indonesia,22025,Gross Fixed Capital Formation Deflator,6179,"Value US$, 2015 prices",1991,1991,US$,39.454200,Fc
IDN,1992-01-01,1992-12-31,101,Indonesia,22025,Gross Fixed Capital Formation Deflator,6179,"Value US$, 2015 prices",1992,1992,US$,39.461800,Fc
IDN,1993-01-01,1993-12-31,101,Indonesia,22025,Gross Fixed Capital Formation Deflator,6179,"Value US$, 2015 prices",1993,1993,US$,42.877700,Fc
IDN,1994-01-01,1994-12-31,101,Indonesia,22025,Gross Fixed Capital Formation Deflator,6179,"Value US$, 2015 prices",1994,1994,US$,44.269500,Fc
IDN,1995-01-01,1995-12-31,101,Indonesia,22025,Gross Fixed Capital Formation Deflator,6179,"Value US$, 2015 prices",1995,1995,US$,45.758600,Fc
IDN,1996-01-01,1996-12-31,101,Indonesia,22025,Gross Fixed Capital Formation Deflator,6179,"Value US$, 2015 prices",1996,1996,US$,46.801600,Fc
IDN,1997-01-01,1997-12-31,101,Indonesia,22025,Gross Fixed Capital Formation Deflator,6179,"Value US$, 2015 prices",1997,1997,US$,39.116000,Fc
IDN,1998-01-01,1998-12-31,101,Indonesia,22025,Gross Fixed Capital Formation Deflator,6179,"Value US$, 2015 prices",1998,1998,US$,23.204300,Fc
IDN,1999-01-01,1999-12-31,101,Indonesia,22025,Gross Fixed Capital Formation Deflator,6179,"Value US$, 2015 prices",1999,1999,US$,32.891300,Fc
IDN,2000-01-01,2000-12-31,101,Indonesia,22025,Gross Fixed Capital Formation Deflator,6179,"Value US$, 2015 prices",2000,2000,US$,32.795200,Fc
IDN,2001-01-01,2001-12-31,101,Indonesia,22025,Gross Fixed Capital Formation Deflator,6179,"Value US$, 2015 prices",2001,2001,US$,29.673400,Fc
IDN,2002-01-01,2002-12-31,101,Indonesia,22025,Gross Fixed Capital Formation Deflator,6179,"Value US$, 2015 prices",2002,2002,US$,34.135500,Fc
IDN,2003-01-01,2003-12-31,101,Indonesia,22025,Gross Fixed Capital Formation Deflator,6179,"Value US$, 2015 prices",2003,2003,US$,40.875800,Fc
IDN,2004-01-01,2004-12-31,101,Indonesia,22025,Gross Fixed Capital Formation Deflator,6179,"Value US$, 2015 prices",2004,2004,US$,44.874100,Fc
IDN,2005-01-01,2005-12-31,101,Indonesia,22025,Gross Fixed Capital Formation Deflator,6179,"Value US$, 2015 prices",2005,2005,US$,47.434200,Fc
IDN,2006-01-01,2006-12-31,101,Indonesia,22025,Gross Fixed Capital Formation Deflator,6179,"Value US$, 2015 prices",2006,2006,US$,60.185300,Fc
IDN,2007-01-01,2007-12-31,101,Indonesia,22025,Gross Fixed Capital Formation Deflator,6179,"Value US$, 2015 prices",2007,2007,US$,67.474200,Fc
IDN,2008-01-01,2008-12-31,101,Indonesia,22025,Gross Fixed Capital Formation Deflator,6179,"Value US$, 2015 prices",2008,2008,US$,79.043300,Fc
IDN,2009-01-01,2009-12-31,101,Indonesia,22025,Gross Fixed Capital Formation Deflator,6179,"Value US$, 2015 prices",2009,2009,US$,90.906000,Fc
IDN,2010-01-01,2010-12-31,101,Indonesia,22025,Gross Fixed Capital Formation Deflator,6179,"Value US$, 2015 prices",2010,2010,US$,113.383000,Fc
IDN,2011-01-01,2011-12-31,101,Indonesia,22025,Gross Fixed Capital Formation Deflator,6179,"Value US$, 2015 prices",2011,2011,US$,124.398000,Fc
IDN,2012-01-01,2012-12-31,101,Indonesia,22025,Gross Fixed Capital Formation Deflator,6179,"Value US$, 2015 prices",2012,2012,US$,122.460000,Fc
IDN,2013-01-01,2013-12-31,101,Indonesia,22025,Gross Fixed Capital Formation Deflator,6179,"Value US$, 2015 prices",2013,2013,US$,113.266000,Fc
IDN,2014-01-01,2014-12-31,101,Indonesia,22025,Gross Fixed Capital Formation Deflator,6179,"Value US$, 2015 prices",2014,2014,US$,107.687000,Fc
IDN,2015-01-01,2015-12-31,101,Indonesia,22025,Gross Fixed Capital Formation Deflator,6179,"Value US$, 2015 prices",2015,2015,US$,100.000000,Fc
IDN,2016-01-01,2016-12-31,101,Indonesia,22025,Gross Fixed Capital Formation Deflator,6179,"Value US$, 2015 prices",2016,2016,US$,102.876000,Fc
IDN,2017-01-01,2017-12-31,101,Indonesia,22025,Gross Fixed Capital Formation Deflator,6179,"Value US$, 2015 prices",2017,2017,US$,104.269000,Fc
IDN,2018-01-01,2018-12-31,101,Indonesia,22025,Gross Fixed Capital Formation Deflator,6179,"Value US$, 2015 prices",2018,2018,US$,100.700000,Fc
IDN,2019-01-01,2019-12-31,101,Indonesia,22025,Gross Fixed Capital Formation Deflator,6179,"Value US$, 2015 prices",2019,2019,US$,103.708000,Fc
IDN,1970-01-01,1970-12-31,101,Indonesia,22026,"Value Added Deflator (Agriculture, forestry and fishery)",6180,"Value Local Currency, 2015 prices",1970,1970,LCU,0.431400,Fc
IDN,1971-01-01,1971-12-31,101,Indonesia,22026,"Value Added Deflator (Agriculture, forestry and fishery)",6180,"Value Local Currency, 2015 prices",1971,1971,LCU,0.435200,Fc
IDN,1972-01-01,1972-12-31,101,Indonesia,22026,"Value Added Deflator (Agriculture, forestry and fishery)",6180,"Value Local Currency, 2015 prices",1972,1972,LCU,0.478200,Fc
IDN,1973-01-01,1973-12-31,101,Indonesia,22026,"Value Added Deflator (Agriculture, forestry and fishery)",6180,"Value Local Currency, 2015 prices",1973,1973,LCU,0.645400,Fc
IDN,1974-01-01,1974-12-31,101,Indonesia,22026,"Value Added Deflator (Agriculture, forestry and fishery)",6180,"Value Local Currency, 2015 prices",1974,1974,LCU,0.802900,Fc
IDN,1975-01-01,1975-12-31,101,Indonesia,22026,"Value Added Deflator (Agriculture, forestry and fishery)",6180,"Value Local Currency, 2015 prices",1975,1975,LCU,0.919000,Fc
IDN,1976-01-01,1976-12-31,101,Indonesia,22026,"Value Added Deflator (Agriculture, forestry and fishery)",6180,"Value Local Currency, 2015 prices",1976,1976,LCU,1.054900,Fc
IDN,1977-01-01,1977-12-31,101,Indonesia,22026,"Value Added Deflator (Agriculture, forestry and fishery)",6180,"Value Local Currency, 2015 prices",1977,1977,LCU,1.278600,Fc
IDN,1978-01-01,1978-12-31,101,Indonesia,22026,"Value Added Deflator (Agriculture, forestry and fishery)",6180,"Value Local Currency, 2015 prices",1978,1978,LCU,1.380500,Fc
IDN,1979-01-01,1979-12-31,101,Indonesia,22026,"Value Added Deflator (Agriculture, forestry and fishery)",6180,"Value Local Currency, 2015 prices",1979,1979,LCU,1.783100,Fc
IDN,1980-01-01,1980-12-31,101,Indonesia,22026,"Value Added Deflator (Agriculture, forestry and fishery)",6180,"Value Local Currency, 2015 prices",1980,1980,LCU,2.127300,Fc
IDN,1981-01-01,1981-12-31,101,Indonesia,22026,"Value Added Deflator (Agriculture, forestry and fishery)",6180,"Value Local Currency, 2015 prices",1981,1981,LCU,2.459700,Fc
IDN,1982-01-01,1982-12-31,101,Indonesia,22026,"Value Added Deflator (Agriculture, forestry and fishery)",6180,"Value Local Currency, 2015 prices",1982,1982,LCU,2.648600,Fc
IDN,1983-01-01,1983-12-31,101,Indonesia,22026,"Value Added Deflator (Agriculture, forestry and fishery)",6180,"Value Local Currency, 2015 prices",1983,1983,LCU,3.061000,Fc
IDN,1984-01-01,1984-12-31,101,Indonesia,22026,"Value Added Deflator (Agriculture, forestry and fishery)",6180,"Value Local Currency, 2015 prices",1984,1984,LCU,3.376300,Fc
IDN,1985-01-01,1985-12-31,101,Indonesia,22026,"Value Added Deflator (Agriculture, forestry and fishery)",6180,"Value Local Currency, 2015 prices",1985,1985,LCU,3.570600,Fc
IDN,1986-01-01,1986-12-31,101,Indonesia,22026,"Value Added Deflator (Agriculture, forestry and fishery)",6180,"Value Local Currency, 2015 prices",1986,1986,LCU,3.845100,Fc
IDN,1987-01-01,1987-12-31,101,Indonesia,22026,"Value Added Deflator (Agriculture, forestry and fishery)",6180,"Value Local Currency, 2015 prices",1987,1987,LCU,4.406800,Fc
IDN,1988-01-01,1988-12-31,101,Indonesia,22026,"Value Added Deflator (Agriculture, forestry and fishery)",6180,"Value Local Currency, 2015 prices",1988,1988,LCU,4.855500,Fc
IDN,1989-01-01,1989-12-31,101,Indonesia,22026,"Value Added Deflator (Agriculture, forestry and fishery)",6180,"Value Local Currency, 2015 prices",1989,1989,LCU,5.350100,Fc
IDN,1990-01-01,1990-12-31,101,Indonesia,22026,"Value Added Deflator (Agriculture, forestry and fishery)",6180,"Value Local Currency, 2015 prices",1990,1990,LCU,5.462400,Fc
IDN,1991-01-01,1991-12-31,101,Indonesia,22026,"Value Added Deflator (Agriculture, forestry and fishery)",6180,"Value Local Currency, 2015 prices",1991,1991,LCU,5.920100,Fc
IDN,1992-01-01,1992-12-31,101,Indonesia,22026,"Value Added Deflator (Agriculture, forestry and fishery)",6180,"Value Local Currency, 2015 prices",1992,1992,LCU,6.439100,Fc
IDN,1993-01-01,1993-12-31,101,Indonesia,22026,"Value Added Deflator (Agriculture, forestry and fishery)",6180,"Value Local Currency, 2015 prices",1993,1993,LCU,7.080800,Fc
IDN,1994-01-01,1994-12-31,101,Indonesia,22026,"Value Added Deflator (Agriculture, forestry and fishery)",6180,"Value Local Currency, 2015 prices",1994,1994,LCU,7.890600,Fc
IDN,1995-01-01,1995-12-31,101,Indonesia,22026,"Value Added Deflator (Agriculture, forestry and fishery)",6180,"Value Local Currency, 2015 prices",1995,1995,LCU,8.912700,Fc
IDN,1996-01-01,1996-12-31,101,Indonesia,22026,"Value Added Deflator (Agriculture, forestry and fishery)",6180,"Value Local Currency, 2015 prices",1996,1996,LCU,9.850100,Fc
IDN,1997-01-01,1997-12-31,101,Indonesia,22026,"Value Added Deflator (Agriculture, forestry and fishery)",6180,"Value Local Currency, 2015 prices",1997,1997,LCU,11.094200,Fc
IDN,1998-01-01,1998-12-31,101,Indonesia,22026,"Value Added Deflator (Agriculture, forestry and fishery)",6180,"Value Local Currency, 2015 prices",1998,1998,LCU,19.238400,Fc
IDN,1999-01-01,1999-12-31,101,Indonesia,22026,"Value Added Deflator (Agriculture, forestry and fishery)",6180,"Value Local Currency, 2015 prices",1999,1999,LCU,23.501300,Fc
IDN,2000-01-01,2000-12-31,101,Indonesia,22026,"Value Added Deflator (Agriculture, forestry and fishery)",6180,"Value Local Currency, 2015 prices",2000,2000,LCU,23.303300,Fc
IDN,2001-01-01,2001-12-31,101,Indonesia,22026,"Value Added Deflator (Agriculture, forestry and fishery)",6180,"Value Local Currency, 2015 prices",2001,2001,LCU,26.200400,Fc
IDN,2002-01-01,2002-12-31,101,Indonesia,22026,"Value Added Deflator (Agriculture, forestry and fishery)",6180,"Value Local Currency, 2015 prices",2002,2002,LCU,28.331700,Fc
IDN,2003-01-01,2003-12-31,101,Indonesia,22026,"Value Added Deflator (Agriculture, forestry and fishery)",6180,"Value Local Currency, 2015 prices",2003,2003,LCU,29.642800,Fc
IDN,2004-01-01,2004-12-31,101,Indonesia,22026,"Value Added Deflator (Agriculture, forestry and fishery)",6180,"Value Local Currency, 2015 prices",2004,2004,LCU,31.030700,Fc
IDN,2005-01-01,2005-12-31,101,Indonesia,22026,"Value Added Deflator (Agriculture, forestry and fishery)",6180,"Value Local Currency, 2015 prices",2005,2005,LCU,33.426300,Fc
IDN,2006-01-01,2006-12-31,101,Indonesia,22026,"Value Added Deflator (Agriculture, forestry and fishery)",6180,"Value Local Currency, 2015 prices",2006,2006,LCU,38.473300,Fc
IDN,2007-01-01,2007-12-31,101,Indonesia,22026,"Value Added Deflator (Agriculture, forestry and fishery)",6180,"Value Local Currency, 2015 prices",2007,2007,LCU,46.513300,Fc
IDN,2008-01-01,2008-12-31,101,Indonesia,22026,"Value Added Deflator (Agriculture, forestry and fishery)",6180,"Value Local Currency, 2015 prices",2008,2008,LCU,58.676100,Fc
IDN,2009-01-01,2009-12-31,101,Indonesia,22026,"Value Added Deflator (Agriculture, forestry and fishery)",6180,"Value Local Currency, 2015 prices",2009,2009,LCU,67.513100,Fc
IDN,2010-01-01,2010-12-31,101,Indonesia,22026,"Value Added Deflator (Agriculture, forestry and fishery)",6180,"Value Local Currency, 2015 prices",2010,2010,LCU,75.324100,Fc
IDN,2011-01-01,2011-12-31,101,Indonesia,22026,"Value Added Deflator (Agriculture, forestry and fishery)",6180,"Value Local Currency, 2015 prices",2011,2011,LCU,80.204100,Fc
IDN,2012-01-01,2012-12-31,101,Indonesia,22026,"Value Added Deflator (Agriculture, forestry and fishery)",6180,"Value Local Currency, 2015 prices",2012,2012,LCU,83.499800,Fc
IDN,2013-01-01,2013-12-31,101,Indonesia,22026,"Value Added Deflator (Agriculture, forestry and fishery)",6180,"Value Local Currency, 2015 prices",2013,2013,LCU,88.669700,Fc
IDN,2014-01-01,2014-12-31,101,Indonesia,22026,"Value Added Deflator (Agriculture, forestry and fishery)",6180,"Value Local Currency, 2015 prices",2014,2014,LCU,94.044400,Fc
IDN,2015-01-01,2015-12-31,101,Indonesia,22026,"Value Added Deflator (Agriculture, forestry and fishery)",6180,"Value Local Currency, 2015 prices",2015,2015,LCU,100.000000,Fc
IDN,2016-01-01,2016-12-31,101,Indonesia,22026,"Value Added Deflator (Agriculture, forestry and fishery)",6180,"Value Local Currency, 2015 prices",2016,2016,LCU,103.977000,Fc
IDN,2017-01-01,2017-12-31,101,Indonesia,22026,"Value Added Deflator (Agriculture, forestry and fishery)",6180,"Value Local Currency, 2015 prices",2017,2017,LCU,107.024000,Fc
IDN,2018-01-01,2018-12-31,101,Indonesia,22026,"Value Added Deflator (Agriculture, forestry and fishery)",6180,"Value Local Currency, 2015 prices",2018,2018,LCU,109.514000,Fc
IDN,2019-01-01,2019-12-31,101,Indonesia,22026,"Value Added Deflator (Agriculture, forestry and fishery)",6180,"Value Local Currency, 2015 prices",2019,2019,LCU,111.941000,Fc
IDN,1970-01-01,1970-12-31,101,Indonesia,22026,"Value Added Deflator (Agriculture, forestry and fishery)",6179,"Value US$, 2015 prices",1970,1970,US$,15.920700,Fc
IDN,1971-01-01,1971-12-31,101,Indonesia,22026,"Value Added Deflator (Agriculture, forestry and fishery)",6179,"Value US$, 2015 prices",1971,1971,US$,14.868900,Fc
IDN,1972-01-01,1972-12-31,101,Indonesia,22026,"Value Added Deflator (Agriculture, forestry and fishery)",6179,"Value US$, 2015 prices",1972,1972,US$,15.429400,Fc
IDN,1973-01-01,1973-12-31,101,Indonesia,22026,"Value Added Deflator (Agriculture, forestry and fishery)",6179,"Value US$, 2015 prices",1973,1973,US$,20.821700,Fc
IDN,1974-01-01,1974-12-31,101,Indonesia,22026,"Value Added Deflator (Agriculture, forestry and fishery)",6179,"Value US$, 2015 prices",1974,1974,US$,25.903000,Fc
IDN,1975-01-01,1975-12-31,101,Indonesia,22026,"Value Added Deflator (Agriculture, forestry and fishery)",6179,"Value US$, 2015 prices",1975,1975,US$,29.651100,Fc
IDN,1976-01-01,1976-12-31,101,Indonesia,22026,"Value Added Deflator (Agriculture, forestry and fishery)",6179,"Value US$, 2015 prices",1976,1976,US$,34.033300,Fc
IDN,1977-01-01,1977-12-31,101,Indonesia,22026,"Value Added Deflator (Agriculture, forestry and fishery)",6179,"Value US$, 2015 prices",1977,1977,US$,41.252200,Fc
IDN,1978-01-01,1978-12-31,101,Indonesia,22026,"Value Added Deflator (Agriculture, forestry and fishery)",6179,"Value US$, 2015 prices",1978,1978,US$,41.814100,Fc
IDN,1979-01-01,1979-12-31,101,Indonesia,22026,"Value Added Deflator (Agriculture, forestry and fishery)",6179,"Value US$, 2015 prices",1979,1979,US$,38.318000,Fc
IDN,1980-01-01,1980-12-31,101,Indonesia,22026,"Value Added Deflator (Agriculture, forestry and fishery)",6179,"Value US$, 2015 prices",1980,1980,US$,45.429100,Fc
IDN,1981-01-01,1981-12-31,101,Indonesia,22026,"Value Added Deflator (Agriculture, forestry and fishery)",6179,"Value US$, 2015 prices",1981,1981,US$,52.130700,Fc
IDN,1982-01-01,1982-12-31,101,Indonesia,22026,"Value Added Deflator (Agriculture, forestry and fishery)",6179,"Value US$, 2015 prices",1982,1982,US$,53.617000,Fc
IDN,1983-01-01,1983-12-31,101,Indonesia,22026,"Value Added Deflator (Agriculture, forestry and fishery)",6179,"Value US$, 2015 prices",1983,1983,US$,45.074600,Fc
IDN,1984-01-01,1984-12-31,101,Indonesia,22026,"Value Added Deflator (Agriculture, forestry and fishery)",6179,"Value US$, 2015 prices",1984,1984,US$,44.063300,Fc
IDN,1985-01-01,1985-12-31,101,Indonesia,22026,"Value Added Deflator (Agriculture, forestry and fishery)",6179,"Value US$, 2015 prices",1985,1985,US$,43.047500,Fc
IDN,1986-01-01,1986-12-31,101,Indonesia,22026,"Value Added Deflator (Agriculture, forestry and fishery)",6179,"Value US$, 2015 prices",1986,1986,US$,40.141600,Fc
IDN,1987-01-01,1987-12-31,101,Indonesia,22026,"Value Added Deflator (Agriculture, forestry and fishery)",6179,"Value US$, 2015 prices",1987,1987,US$,35.894200,Fc
IDN,1988-01-01,1988-12-31,101,Indonesia,22026,"Value Added Deflator (Agriculture, forestry and fishery)",6179,"Value US$, 2015 prices",1988,1988,US$,38.567000,Fc
IDN,1989-01-01,1989-12-31,101,Indonesia,22026,"Value Added Deflator (Agriculture, forestry and fishery)",6179,"Value US$, 2015 prices",1989,1989,US$,40.469900,Fc
IDN,1990-01-01,1990-12-31,101,Indonesia,22026,"Value Added Deflator (Agriculture, forestry and fishery)",6179,"Value US$, 2015 prices",1990,1990,US$,39.688800,Fc
IDN,1991-01-01,1991-12-31,101,Indonesia,22026,"Value Added Deflator (Agriculture, forestry and fishery)",6179,"Value US$, 2015 prices",1991,1991,US$,40.643100,Fc
IDN,1992-01-01,1992-12-31,101,Indonesia,22026,"Value Added Deflator (Agriculture, forestry and fishery)",6179,"Value US$, 2015 prices",1992,1992,US$,42.472700,Fc
IDN,1993-01-01,1993-12-31,101,Indonesia,22026,"Value Added Deflator (Agriculture, forestry and fishery)",6179,"Value US$, 2015 prices",1993,1993,US$,45.425300,Fc
IDN,1994-01-01,1994-12-31,101,Indonesia,22026,"Value Added Deflator (Agriculture, forestry and fishery)",6179,"Value US$, 2015 prices",1994,1994,US$,48.895100,Fc
IDN,1995-01-01,1995-12-31,101,Indonesia,22026,"Value Added Deflator (Agriculture, forestry and fishery)",6179,"Value US$, 2015 prices",1995,1995,US$,53.071100,Fc
IDN,1996-01-01,1996-12-31,101,Indonesia,22026,"Value Added Deflator (Agriculture, forestry and fishery)",6179,"Value US$, 2015 prices",1996,1996,US$,56.307000,Fc
IDN,1997-01-01,1997-12-31,101,Indonesia,22026,"Value Added Deflator (Agriculture, forestry and fishery)",6179,"Value US$, 2015 prices",1997,1997,US$,51.057200,Fc
IDN,1998-01-01,1998-12-31,101,Indonesia,22026,"Value Added Deflator (Agriculture, forestry and fishery)",6179,"Value US$, 2015 prices",1998,1998,US$,25.724100,Fc
IDN,1999-01-01,1999-12-31,101,Indonesia,22026,"Value Added Deflator (Agriculture, forestry and fishery)",6179,"Value US$, 2015 prices",1999,1999,US$,40.058800,Fc
IDN,2000-01-01,2000-12-31,101,Indonesia,22026,"Value Added Deflator (Agriculture, forestry and fishery)",6179,"Value US$, 2015 prices",2000,2000,US$,37.048800,Fc
IDN,2001-01-01,2001-12-31,101,Indonesia,22026,"Value Added Deflator (Agriculture, forestry and fishery)",6179,"Value US$, 2015 prices",2001,2001,US$,34.189000,Fc
IDN,2002-01-01,2002-12-31,101,Indonesia,22026,"Value Added Deflator (Agriculture, forestry and fishery)",6179,"Value US$, 2015 prices",2002,2002,US$,40.740700,Fc
IDN,2003-01-01,2003-12-31,101,Indonesia,22026,"Value Added Deflator (Agriculture, forestry and fishery)",6179,"Value US$, 2015 prices",2003,2003,US$,46.274200,Fc
IDN,2004-01-01,2004-12-31,101,Indonesia,22026,"Value Added Deflator (Agriculture, forestry and fishery)",6179,"Value US$, 2015 prices",2004,2004,US$,46.480600,Fc
IDN,2005-01-01,2005-12-31,101,Indonesia,22026,"Value Added Deflator (Agriculture, forestry and fishery)",6179,"Value US$, 2015 prices",2005,2005,US$,46.117500,Fc
IDN,2006-01-01,2006-12-31,101,Indonesia,22026,"Value Added Deflator (Agriculture, forestry and fishery)",6179,"Value US$, 2015 prices",2006,2006,US$,56.241600,Fc
IDN,2007-01-01,2007-12-31,101,Indonesia,22026,"Value Added Deflator (Agriculture, forestry and fishery)",6179,"Value US$, 2015 prices",2007,2007,US$,68.131100,Fc
IDN,2008-01-01,2008-12-31,101,Indonesia,22026,"Value Added Deflator (Agriculture, forestry and fishery)",6179,"Value US$, 2015 prices",2008,2008,US$,81.002300,Fc
IDN,2009-01-01,2009-12-31,101,Indonesia,22026,"Value Added Deflator (Agriculture, forestry and fishery)",6179,"Value US$, 2015 prices",2009,2009,US$,87.003500,Fc
IDN,2010-01-01,2010-12-31,101,Indonesia,22026,"Value Added Deflator (Agriculture, forestry and fishery)",6179,"Value US$, 2015 prices",2010,2010,US$,110.946000,Fc
IDN,2011-01-01,2011-12-31,101,Indonesia,22026,"Value Added Deflator (Agriculture, forestry and fishery)",6179,"Value US$, 2015 prices",2011,2011,US$,122.444000,Fc
IDN,2012-01-01,2012-12-31,101,Indonesia,22026,"Value Added Deflator (Agriculture, forestry and fishery)",6179,"Value US$, 2015 prices",2012,2012,US$,119.107000,Fc
IDN,2013-01-01,2013-12-31,101,Indonesia,22026,"Value Added Deflator (Agriculture, forestry and fishery)",6179,"Value US$, 2015 prices",2013,2013,US$,113.489000,Fc
IDN,2014-01-01,2014-12-31,101,Indonesia,22026,"Value Added Deflator (Agriculture, forestry and fishery)",6179,"Value US$, 2015 prices",2014,2014,US$,106.125000,Fc
IDN,2015-01-01,2015-12-31,101,Indonesia,22026,"Value Added Deflator (Agriculture, forestry and fishery)",6179,"Value US$, 2015 prices",2015,2015,US$,100.000000,Fc
IDN,2016-01-01,2016-12-31,101,Indonesia,22026,"Value Added Deflator (Agriculture, forestry and fishery)",6179,"Value US$, 2015 prices",2016,2016,US$,104.611000,Fc
IDN,2017-01-01,2017-12-31,101,Indonesia,22026,"Value Added Deflator (Agriculture, forestry and fishery)",6179,"Value US$, 2015 prices",2017,2017,US$,107.093000,Fc
IDN,2018-01-01,2018-12-31,101,Indonesia,22026,"Value Added Deflator (Agriculture, forestry and fishery)",6179,"Value US$, 2015 prices",2018,2018,US$,102.995000,Fc
IDN,2019-01-01,2019-12-31,101,Indonesia,22026,"Value Added Deflator (Agriculture, forestry and fishery)",6179,"Value US$, 2015 prices",2019,2019,US$,105.941000,Fc
IDN,1970-01-01,1970-12-31,101,Indonesia,22028,Value Added Deflator (Manufacturing),6180,"Value Local Currency, 2015 prices",1970,1970,LCU,0.668000,Fc
IDN,1971-01-01,1971-12-31,101,Indonesia,22028,Value Added Deflator (Manufacturing),6180,"Value Local Currency, 2015 prices",1971,1971,LCU,0.621400,Fc
IDN,1972-01-01,1972-12-31,101,Indonesia,22028,Value Added Deflator (Manufacturing),6180,"Value Local Currency, 2015 prices",1972,1972,LCU,0.787800,Fc
IDN,1973-01-01,1973-12-31,101,Indonesia,22028,Value Added Deflator (Manufacturing),6180,"Value Local Currency, 2015 prices",1973,1973,LCU,0.991800,Fc
IDN,1974-01-01,1974-12-31,101,Indonesia,22028,Value Added Deflator (Manufacturing),6180,"Value Local Currency, 2015 prices",1974,1974,LCU,1.169100,Fc
IDN,1975-01-01,1975-12-31,101,Indonesia,22028,Value Added Deflator (Manufacturing),6180,"Value Local Currency, 2015 prices",1975,1975,LCU,1.314600,Fc
IDN,1976-01-01,1976-12-31,101,Indonesia,22028,Value Added Deflator (Manufacturing),6180,"Value Local Currency, 2015 prices",1976,1976,LCU,1.549500,Fc
IDN,1977-01-01,1977-12-31,101,Indonesia,22028,Value Added Deflator (Manufacturing),6180,"Value Local Currency, 2015 prices",1977,1977,LCU,1.703300,Fc
IDN,1978-01-01,1978-12-31,101,Indonesia,22028,Value Added Deflator (Manufacturing),6180,"Value Local Currency, 2015 prices",1978,1978,LCU,1.941900,Fc
IDN,1979-01-01,1979-12-31,101,Indonesia,22028,Value Added Deflator (Manufacturing),6180,"Value Local Currency, 2015 prices",1979,1979,LCU,2.354000,Fc
IDN,1980-01-01,1980-12-31,101,Indonesia,22028,Value Added Deflator (Manufacturing),6180,"Value Local Currency, 2015 prices",1980,1980,LCU,3.076000,Fc
IDN,1981-01-01,1981-12-31,101,Indonesia,22028,Value Added Deflator (Manufacturing),6180,"Value Local Currency, 2015 prices",1981,1981,LCU,3.732100,Fc
IDN,1982-01-01,1982-12-31,101,Indonesia,22028,Value Added Deflator (Manufacturing),6180,"Value Local Currency, 2015 prices",1982,1982,LCU,3.903500,Fc
IDN,1983-01-01,1983-12-31,101,Indonesia,22028,Value Added Deflator (Manufacturing),6180,"Value Local Currency, 2015 prices",1983,1983,LCU,4.159700,Fc
IDN,1984-01-01,1984-12-31,101,Indonesia,22028,Value Added Deflator (Manufacturing),6180,"Value Local Currency, 2015 prices",1984,1984,LCU,4.515700,Fc
IDN,1985-01-01,1985-12-31,101,Indonesia,22028,Value Added Deflator (Manufacturing),6180,"Value Local Currency, 2015 prices",1985,1985,LCU,4.801400,Fc
IDN,1986-01-01,1986-12-31,101,Indonesia,22028,Value Added Deflator (Manufacturing),6180,"Value Local Currency, 2015 prices",1986,1986,LCU,4.870100,Fc
IDN,1987-01-01,1987-12-31,101,Indonesia,22028,Value Added Deflator (Manufacturing),6180,"Value Local Currency, 2015 prices",1987,1987,LCU,5.419000,Fc
IDN,1988-01-01,1988-12-31,101,Indonesia,22028,Value Added Deflator (Manufacturing),6180,"Value Local Currency, 2015 prices",1988,1988,LCU,6.745300,Fc
IDN,1989-01-01,1989-12-31,101,Indonesia,22028,Value Added Deflator (Manufacturing),6180,"Value Local Currency, 2015 prices",1989,1989,LCU,7.286100,Fc
IDN,1990-01-01,1990-12-31,101,Indonesia,22028,Value Added Deflator (Manufacturing),6180,"Value Local Currency, 2015 prices",1990,1990,LCU,8.001200,Fc
IDN,1991-01-01,1991-12-31,101,Indonesia,22028,Value Added Deflator (Manufacturing),6180,"Value Local Currency, 2015 prices",1991,1991,LCU,8.865700,Fc
IDN,1992-01-01,1992-12-31,101,Indonesia,22028,Value Added Deflator (Manufacturing),6180,"Value Local Currency, 2015 prices",1992,1992,LCU,9.348600,Fc
IDN,1993-01-01,1993-12-31,101,Indonesia,22028,Value Added Deflator (Manufacturing),6180,"Value Local Currency, 2015 prices",1993,1993,LCU,9.955500,Fc
IDN,1994-01-01,1994-12-31,101,Indonesia,22028,Value Added Deflator (Manufacturing),6180,"Value Local Currency, 2015 prices",1994,1994,LCU,10.749600,Fc
IDN,1995-01-01,1995-12-31,101,Indonesia,22028,Value Added Deflator (Manufacturing),6180,"Value Local Currency, 2015 prices",1995,1995,LCU,11.916700,Fc
IDN,1996-01-01,1996-12-31,101,Indonesia,22028,Value Added Deflator (Manufacturing),6180,"Value Local Currency, 2015 prices",1996,1996,LCU,13.281800,Fc
IDN,1997-01-01,1997-12-31,101,Indonesia,22028,Value Added Deflator (Manufacturing),6180,"Value Local Currency, 2015 prices",1997,1997,LCU,15.556100,Fc
IDN,1998-01-01,1998-12-31,101,Indonesia,22028,Value Added Deflator (Manufacturing),6180,"Value Local Currency, 2015 prices",1998,1998,LCU,24.950900,Fc
IDN,1999-01-01,1999-12-31,101,Indonesia,22028,Value Added Deflator (Manufacturing),6180,"Value Local Currency, 2015 prices",1999,1999,LCU,28.731000,Fc
IDN,2000-01-01,2000-12-31,101,Indonesia,22028,Value Added Deflator (Manufacturing),6180,"Value Local Currency, 2015 prices",2000,2000,LCU,29.862600,Fc
IDN,2001-01-01,2001-12-31,101,Indonesia,22028,Value Added Deflator (Manufacturing),6180,"Value Local Currency, 2015 prices",2001,2001,LCU,35.859200,Fc
IDN,2002-01-01,2002-12-31,101,Indonesia,22028,Value Added Deflator (Manufacturing),6180,"Value Local Currency, 2015 prices",2002,2002,LCU,37.254500,Fc
IDN,2003-01-01,2003-12-31,101,Indonesia,22028,Value Added Deflator (Manufacturing),6180,"Value Local Currency, 2015 prices",2003,2003,LCU,38.458900,Fc
IDN,2004-01-01,2004-12-31,101,Indonesia,22028,Value Added Deflator (Manufacturing),6180,"Value Local Currency, 2015 prices",2004,2004,LCU,40.944000,Fc
IDN,2005-01-01,2005-12-31,101,Indonesia,22028,Value Added Deflator (Manufacturing),6180,"Value Local Currency, 2015 prices",2005,2005,LCU,46.192300,Fc
IDN,2006-01-01,2006-12-31,101,Indonesia,22028,Value Added Deflator (Manufacturing),6180,"Value Local Currency, 2015 prices",2006,2006,LCU,53.413300,Fc
IDN,2007-01-01,2007-12-31,101,Indonesia,22028,Value Added Deflator (Manufacturing),6180,"Value Local Currency, 2015 prices",2007,2007,LCU,59.307800,Fc
IDN,2008-01-01,2008-12-31,101,Indonesia,22028,Value Added Deflator (Manufacturing),6180,"Value Local Currency, 2015 prices",2008,2008,LCU,73.694300,Fc
IDN,2009-01-01,2009-12-31,101,Indonesia,22028,Value Added Deflator (Manufacturing),6180,"Value Local Currency, 2015 prices",2009,2009,LCU,77.445000,Fc
IDN,2010-01-01,2010-12-31,101,Indonesia,22028,Value Added Deflator (Manufacturing),6180,"Value Local Currency, 2015 prices",2010,2010,LCU,79.976000,Fc
IDN,2011-01-01,2011-12-31,101,Indonesia,22028,Value Added Deflator (Manufacturing),6180,"Value Local Currency, 2015 prices",2011,2011,LCU,84.792100,Fc
IDN,2012-01-01,2012-12-31,101,Indonesia,22028,Value Added Deflator (Manufacturing),6180,"Value Local Currency, 2015 prices",2012,2012,LCU,87.059100,Fc
IDN,2013-01-01,2013-12-31,101,Indonesia,22028,Value Added Deflator (Manufacturing),6180,"Value Local Currency, 2015 prices",2013,2013,LCU,90.603500,Fc
IDN,2014-01-01,2014-12-31,101,Indonesia,22028,Value Added Deflator (Manufacturing),6180,"Value Local Currency, 2015 prices",2014,2014,LCU,96.078000,Fc
IDN,2015-01-01,2015-12-31,101,Indonesia,22028,Value Added Deflator (Manufacturing),6180,"Value Local Currency, 2015 prices",2015,2015,LCU,100.000000,Fc
IDN,2016-01-01,2016-12-31,101,Indonesia,22028,Value Added Deflator (Manufacturing),6180,"Value Local Currency, 2015 prices",2016,2016,LCU,100.926000,Fc
IDN,2017-01-01,2017-12-31,101,Indonesia,22028,Value Added Deflator (Manufacturing),6180,"Value Local Currency, 2015 prices",2017,2017,LCU,104.167000,Fc
IDN,2018-01-01,2018-12-31,101,Indonesia,22028,Value Added Deflator (Manufacturing),6180,"Value Local Currency, 2015 prices",2018,2018,LCU,107.472000,Fc
IDN,2019-01-01,2019-12-31,101,Indonesia,22028,Value Added Deflator (Manufacturing),6180,"Value Local Currency, 2015 prices",2019,2019,LCU,109.587000,Fc
IDN,1970-01-01,1970-12-31,101,Indonesia,22028,Value Added Deflator (Manufacturing),6179,"Value US$, 2015 prices",1970,1970,US$,24.651900,Fc
IDN,1971-01-01,1971-12-31,101,Indonesia,22028,Value Added Deflator (Manufacturing),6179,"Value US$, 2015 prices",1971,1971,US$,21.231200,Fc
IDN,1972-01-01,1972-12-31,101,Indonesia,22028,Value Added Deflator (Manufacturing),6179,"Value US$, 2015 prices",1972,1972,US$,25.417400,Fc
IDN,1973-01-01,1973-12-31,101,Indonesia,22028,Value Added Deflator (Manufacturing),6179,"Value US$, 2015 prices",1973,1973,US$,31.998600,Fc
IDN,1974-01-01,1974-12-31,101,Indonesia,22028,Value Added Deflator (Manufacturing),6179,"Value US$, 2015 prices",1974,1974,US$,37.720200,Fc
IDN,1975-01-01,1975-12-31,101,Indonesia,22028,Value Added Deflator (Manufacturing),6179,"Value US$, 2015 prices",1975,1975,US$,42.413300,Fc
IDN,1976-01-01,1976-12-31,101,Indonesia,22028,Value Added Deflator (Manufacturing),6179,"Value US$, 2015 prices",1976,1976,US$,49.993600,Fc
IDN,1977-01-01,1977-12-31,101,Indonesia,22028,Value Added Deflator (Manufacturing),6179,"Value US$, 2015 prices",1977,1977,US$,54.954200,Fc
IDN,1978-01-01,1978-12-31,101,Indonesia,22028,Value Added Deflator (Manufacturing),6179,"Value US$, 2015 prices",1978,1978,US$,58.817900,Fc
IDN,1979-01-01,1979-12-31,101,Indonesia,22028,Value Added Deflator (Manufacturing),6179,"Value US$, 2015 prices",1979,1979,US$,50.586900,Fc
IDN,1980-01-01,1980-12-31,101,Indonesia,22028,Value Added Deflator (Manufacturing),6179,"Value US$, 2015 prices",1980,1980,US$,65.687600,Fc
IDN,1981-01-01,1981-12-31,101,Indonesia,22028,Value Added Deflator (Manufacturing),6179,"Value US$, 2015 prices",1981,1981,US$,79.098700,Fc
IDN,1982-01-01,1982-12-31,101,Indonesia,22028,Value Added Deflator (Manufacturing),6179,"Value US$, 2015 prices",1982,1982,US$,79.020000,Fc
IDN,1983-01-01,1983-12-31,101,Indonesia,22028,Value Added Deflator (Manufacturing),6179,"Value US$, 2015 prices",1983,1983,US$,61.253200,Fc
IDN,1984-01-01,1984-12-31,101,Indonesia,22028,Value Added Deflator (Manufacturing),6179,"Value US$, 2015 prices",1984,1984,US$,58.934000,Fc
IDN,1985-01-01,1985-12-31,101,Indonesia,22028,Value Added Deflator (Manufacturing),6179,"Value US$, 2015 prices",1985,1985,US$,57.886400,Fc
IDN,1986-01-01,1986-12-31,101,Indonesia,22028,Value Added Deflator (Manufacturing),6179,"Value US$, 2015 prices",1986,1986,US$,50.842200,Fc
IDN,1987-01-01,1987-12-31,101,Indonesia,22028,Value Added Deflator (Manufacturing),6179,"Value US$, 2015 prices",1987,1987,US$,44.138300,Fc
IDN,1988-01-01,1988-12-31,101,Indonesia,22028,Value Added Deflator (Manufacturing),6179,"Value US$, 2015 prices",1988,1988,US$,53.577500,Fc
IDN,1989-01-01,1989-12-31,101,Indonesia,22028,Value Added Deflator (Manufacturing),6179,"Value US$, 2015 prices",1989,1989,US$,55.114500,Fc
IDN,1990-01-01,1990-12-31,101,Indonesia,22028,Value Added Deflator (Manufacturing),6179,"Value US$, 2015 prices",1990,1990,US$,58.134700,Fc
IDN,1991-01-01,1991-12-31,101,Indonesia,22028,Value Added Deflator (Manufacturing),6179,"Value US$, 2015 prices",1991,1991,US$,60.865000,Fc
IDN,1992-01-01,1992-12-31,101,Indonesia,22028,Value Added Deflator (Manufacturing),6179,"Value US$, 2015 prices",1992,1992,US$,61.663900,Fc
IDN,1993-01-01,1993-12-31,101,Indonesia,22028,Value Added Deflator (Manufacturing),6179,"Value US$, 2015 prices",1993,1993,US$,63.867900,Fc
IDN,1994-01-01,1994-12-31,101,Indonesia,22028,Value Added Deflator (Manufacturing),6179,"Value US$, 2015 prices",1994,1994,US$,66.611300,Fc
IDN,1995-01-01,1995-12-31,101,Indonesia,22028,Value Added Deflator (Manufacturing),6179,"Value US$, 2015 prices",1995,1995,US$,70.958600,Fc
IDN,1996-01-01,1996-12-31,101,Indonesia,22028,Value Added Deflator (Manufacturing),6179,"Value US$, 2015 prices",1996,1996,US$,75.923500,Fc
IDN,1997-01-01,1997-12-31,101,Indonesia,22028,Value Added Deflator (Manufacturing),6179,"Value US$, 2015 prices",1997,1997,US$,71.591600,Fc
IDN,1998-01-01,1998-12-31,101,Indonesia,22028,Value Added Deflator (Manufacturing),6179,"Value US$, 2015 prices",1998,1998,US$,33.362400,Fc
IDN,1999-01-01,1999-12-31,101,Indonesia,22028,Value Added Deflator (Manufacturing),6179,"Value US$, 2015 prices",1999,1999,US$,48.973000,Fc
IDN,2000-01-01,2000-12-31,101,Indonesia,22028,Value Added Deflator (Manufacturing),6179,"Value US$, 2015 prices",2000,2000,US$,47.477200,Fc
IDN,2001-01-01,2001-12-31,101,Indonesia,22028,Value Added Deflator (Manufacturing),6179,"Value US$, 2015 prices",2001,2001,US$,46.792800,Fc
IDN,2002-01-01,2002-12-31,101,Indonesia,22028,Value Added Deflator (Manufacturing),6179,"Value US$, 2015 prices",2002,2002,US$,53.571600,Fc
IDN,2003-01-01,2003-12-31,101,Indonesia,22028,Value Added Deflator (Manufacturing),6179,"Value US$, 2015 prices",2003,2003,US$,60.036600,Fc
IDN,2004-01-01,2004-12-31,101,Indonesia,22028,Value Added Deflator (Manufacturing),6179,"Value US$, 2015 prices",2004,2004,US$,61.329600,Fc
IDN,2005-01-01,2005-12-31,101,Indonesia,22028,Value Added Deflator (Manufacturing),6179,"Value US$, 2015 prices",2005,2005,US$,63.730400,Fc
IDN,2006-01-01,2006-12-31,101,Indonesia,22028,Value Added Deflator (Manufacturing),6179,"Value US$, 2015 prices",2006,2006,US$,78.081500,Fc
IDN,2007-01-01,2007-12-31,101,Indonesia,22028,Value Added Deflator (Manufacturing),6179,"Value US$, 2015 prices",2007,2007,US$,86.871900,Fc
IDN,2008-01-01,2008-12-31,101,Indonesia,22028,Value Added Deflator (Manufacturing),6179,"Value US$, 2015 prices",2008,2008,US$,101.735000,Fc
IDN,2009-01-01,2009-12-31,101,Indonesia,22028,Value Added Deflator (Manufacturing),6179,"Value US$, 2015 prices",2009,2009,US$,99.802600,Fc
IDN,2010-01-01,2010-12-31,101,Indonesia,22028,Value Added Deflator (Manufacturing),6179,"Value US$, 2015 prices",2010,2010,US$,117.798000,Fc
IDN,2011-01-01,2011-12-31,101,Indonesia,22028,Value Added Deflator (Manufacturing),6179,"Value US$, 2015 prices",2011,2011,US$,129.448000,Fc
IDN,2012-01-01,2012-12-31,101,Indonesia,22028,Value Added Deflator (Manufacturing),6179,"Value US$, 2015 prices",2012,2012,US$,124.184000,Fc
IDN,2013-01-01,2013-12-31,101,Indonesia,22028,Value Added Deflator (Manufacturing),6179,"Value US$, 2015 prices",2013,2013,US$,115.964000,Fc
IDN,2014-01-01,2014-12-31,101,Indonesia,22028,Value Added Deflator (Manufacturing),6179,"Value US$, 2015 prices",2014,2014,US$,108.420000,Fc
IDN,2015-01-01,2015-12-31,101,Indonesia,22028,Value Added Deflator (Manufacturing),6179,"Value US$, 2015 prices",2015,2015,US$,100.000000,Fc
IDN,2016-01-01,2016-12-31,101,Indonesia,22028,Value Added Deflator (Manufacturing),6179,"Value US$, 2015 prices",2016,2016,US$,101.541000,Fc
IDN,2017-01-01,2017-12-31,101,Indonesia,22028,Value Added Deflator (Manufacturing),6179,"Value US$, 2015 prices",2017,2017,US$,104.234000,Fc
IDN,2018-01-01,2018-12-31,101,Indonesia,22028,Value Added Deflator (Manufacturing),6179,"Value US$, 2015 prices",2018,2018,US$,101.074000,Fc
IDN,2019-01-01,2019-12-31,101,Indonesia,22028,Value Added Deflator (Manufacturing),6179,"Value US$, 2015 prices",2019,2019,US$,103.713000,Fc
